USERNAME,PASSWORD,FULLNAME
HNCCSSAAPETERSON,rimmhXU3Qx,Adam Peterson
HNCCSSARTURNER,dKCTE3JbGc,Rachel Turner
HNCCSSAJBRYANT,Fjm6ILlXrt,Jeremy Bryant
HNCCSSADFLORES,Cve3lRweKi,Diana Flores
HNCCSSAVHAYES,FeAUHd4G9V,Vincent Hayes
HNCCSSATSIMMONS,bBbJntAVjQ,Theresa Simmons
HNCCSSAPFREEMAN,GYU8RfBFQJ,Peter Freeman
HNCCSSACWELLS,fVlN3sfCCQ,Christine Wells
HNCCSSADBARNES,ikAPZdEOr3,Douglas Barnes
HNCCSSAJGRIFFIN,IP3a5nEqot,Jacqueline Griffin
HNCCSSARWASHINGTON,Xx6gEoLZrG,Russell Washington
HNCCSSAKWATSON,f4A48Fwd8N,Kathy Watson
HNCCSSAWREED,4P6uX2gT55,Wayne Reed
HNCCSSACBROOKS,jaEwf9oxNk,Cheryl Brooks
HNCCSSAAKELLY,ZagL8FHrhb,Arthur Kelly
HNCCSSAEDIAZ,dBDmjuUI9w,Evelyn Diaz
HNCCSSARWOOD,nPRdTQTNg4,Ralph Wood
HNCCSSAJALEXANDER,DwMOAVSWWM,Judith Alexander
HNCCSSAGCOLE,hqX4sHxlC1,Gerald Cole
HNCCSSAMWEST,oKdIcOMkSS,Mildred West
HNCCSSATWARD,RXyknXQafC,Terry Ward
HNCCSSAGRUSSELL,p1qevfQHB8,Gloria Russell
HNCCSSAPHUNT,rKTJppRFf6,Philip Hunt
HNCCSSAJFOSTER,IH4vjtNNzK,Joyce Foster
