USER,PASSWORD,FULLNAME
HNCRCLARK,O9D7cMdr3l,Robert Clark
HNCKYOUNG,NHA15nmZev,Karen Young
HNCEKING,KQVC8q8TcK,Edward King
HNCNWRIGHT,EG3JuuXUm6,Nancy Wright
HNCGSCOTT,uiI2j19xdZ,George Scott
HNCCADAMS,JDGLFjof8O,Carol Adams
HNCSNELSON,KQWOqA7HHa,Steven Nelson
HNCDHILL,BCHuzAxccs,Donna Hill
HNCKBAKER,Zw3VSZo2lH,Kevin Baker
HNCMCAMPBELL,FlRwn95z2L,Michelle Campbell
HNCBMITCHELL,qw5pXW1qOT,Brian Mitchell
HNCLGONZALEZ,Za93PQe6rv,Laura Gonzalez
HNCMCARTER,UpaWUdXnaK,Mark Carter
HNCKROBERTS,rWa7eaTjTZ,Karen Roberts
HNCRPHILLIPS,d0kmrsvqcz,Ronald Phillips
HNCLTURNER,eFhH1RHHTw,Lisa Turner
HNCEPARKER,R8X1lKydO2,Edward Parker
HNCBCOOK,WYXmSLAC5F,Betty Cook
HNCDEVANS,EhpEKLCGF3,Donald Evans
HNCDMURPHY,5g4AvvUVG4,Deborah Murphy
HNCGRIVERA,shjygSwKjX,George Rivera
HNCHCOOPER,l3KMCzznkr,Helen Cooper
HNCKLONG,Cj3lCx0Hug,Kenneth Long
HNCSBUTLER,SObxcb1QSC,Sharon Butler
